TeacherId;Name;LastName;Address;PostalCode;City;Phone;Email;Active;Genre;DateOfBirth;IdentificationNumber;ExpirationDateIn;TaxIdentificationNumber;Nationality;Birthplace;Photo;Courses;CoursesCount;TotalWorkHoursLoad
1;Ana;Ribeiro;159 Joe Valley Suite 782;65326;West Vanessa;070-453-8391;moorejames@example.com;True;Female;01/01/0001;56871190;01/01/0001;6280398466;German;Lisbon;C:\Users\user\Documents\photos\1.jpg0000000000000000000000000000000000000000000000000000000000000000000000000000000000000000000000000;0;0;1;2;3;4;5;6;7;8;9;10;11;12;13;14;15;16;17;18;19;20;21;22;23;24;25;26;27;28;29;30;31;32;33;34;35
2;Bruno;Ferreira;99154 Smith Locks;11129;Burtonborough;004.692.6673x2084;scott47@example.com;True;Female;01/01/0001;20393446;01/01/0001;98288764853;German;Lisbon;C:\Users\user\Documents\photos\2.jpg0000000000000000000000000000000000000000000000000000000000000000000000000000000000000000000000000;0;0;1;2;3;4;5;6;7;8;9;10;11;12;13;14;15;16;17;18;19;20;21;22;23;24;25;26;27;28;29;30;31;32;33;34;35
3;Catarina;Palma;5103 Hill Highway;38588;Melvinton;001-381-194-7797x186;shane19@example.net;True;Male;01/01/0001;96651936;01/01/0001;32673449095;German;Rome;C:\Users\user\Documents\photos\3.jpg0000000000000000000000000000000000000000000000000000000000000000000000000000000000000000000000000;0;0;1;2;3;4;5;6;7;8;9;10;11;12;13;14;15;16;17;18;19;20;21;22;23;24;25;26;27;28;29;30;31;32;33;34;35
4;Claudia;Passarinho;21636 Jacob Burg Suite 151;74804;Kathyborough;(742)457-4796x662;walkersandra@example.org;False;Female;01/01/0001;83768980;01/01/0001;6015557799;French;Berlin;C:\Users\user\Documents\photos\4.jpg0000000000000000000000000000000000000000000000000000000000000000000000000000000000000000000000000;0;0;1;2;3;4;5;6;7;8;9;10;11;12;13;14;15;16;17;18;19;20;21;22;23;24;25;26;27;28;29;30;31;32;33;34;35
5;Dário;Dias;6423 Taylor Oval Suite 995;38702;Sandersport;152.965.2097x3064;cyoung@example.com;False;Female;01/01/0001;3761333;01/01/0001;74426896039;French;Madrid;C:\Users\user\Documents\photos\5.jpg0000000000000000000000000000000000000000000000000000000000000000000000000000000000000000000000000;0;0;1;2;3;4;5;6;7;8;9;10;11;12;13;14;15;16;17;18;19;20;21;22;23;24;25;26;27;28;29;30;31;32;33;34;35
6;Diogo;Alves;818 Abbott Burgs Apt. 879;68024;Port Robertside;324.018.6096x9905;jasonthompson@example.com;False;Male;01/01/0001;84429162;01/01/0001;5806941693;Portuguese;Berlin;C:\Users\user\Documents\photos\6.jpg0000000000000000000000000000000000000000000000000000000000000000000000000000000000000000000000000;0;0;1;2;3;4;5;6;7;8;9;10;11;12;13;14;15;16;17;18;19;20;21;22;23;24;25;26;27;28;29;30;31;32;33;34;35
7;Diogo;Santana;61735 Jessica Station Apt. 930;88288;Hollandton;406.525.9000x31147;russelllaurie@example.com;False;Female;01/01/0001;21866316;01/01/0001;84139219950;German;Paris;C:\Users\user\Documents\photos\7.jpg0000000000000000000000000000000000000000000000000000000000000000000000000000000000000000000000000;0;0;1;2;3;4;5;6;7;8;9;10;11;12;13;14;15;16;17;18;19;20;21;22;23;24;25;26;27;28;29;30;31;32;33;34;35
8;Duarte;Marques;91870 Henry Bypass;84397;West Julie;+1-326-065-8959x09290;tylerwiggins@example.com;True;Male;01/01/0001;15372102;01/01/0001;31358177019;German;Paris;C:\Users\user\Documents\photos\8.jpg0000000000000000000000000000000000000000000000000000000000000000000000000000000000000000000000000;0;0;1;2;3;4;5;6;7;8;9;10;11;12;13;14;15;16;17;18;19;20;21;22;23;24;25;26;27;28;29;30;31;32;33;34;35
9;Filipe;Baptista;2102 Owens Pine;87782;East Ashley;-10720;estradajennifer@example.com;True;Female;01/01/0001;71318755;01/01/0001;92341603030;German;Paris;C:\Users\user\Documents\photos\9.jpg0000000000000000000000000000000000000000000000000000000000000000000000000000000000000000000000000;0;0;1;2;3;4;5;6;7;8;9;10;11;12;13;14;15;16;17;18;19;20;21;22;23;24;25;26;27;28;29;30;31;32;33;34;35
10;Joel;Santo Rangel;495 Zachary Square Apt. 770;5946;West Seanland;597-118-0309x8737;hollymunoz@example.com;True;Male;01/01/0001;83532618;01/01/0001;6408883316;Portuguese;Madrid;C:\Users\user\Documents\photos\10.jpg0000000000000000000000000000000000000000000000000000000000000000000000000000000000000000000000000;0;0;1;2;3;4;5;6;7;8;9;10;11;12;13;14;15;16;17;18;19;20;21;22;23;24;25;26;27;28;29;30;31;32;33;34;35
11;Jorge;Pinto;2853 Amy Lane;83476;Courtneyburgh;498.224.9012;destinyhill@example.com;True;Male;01/01/0001;37392202;01/01/0001;28886956733;Portuguese;Berlin;C:\Users\user\Documents\photos\11.jpg0000000000000000000000000000000000000000000000000000000000000000000000000000000000000000000000000;0;0;1;2;3;4;5;6;7;8;9;10;11;12;13;14;15;16;17;18;19;20;21;22;23;24;25;26;27;28;29;30;31;32;33;34;35
12;Láercio;Rodrigues;9836 Lori Road;83462;Swansonburgh;174.661.9625x1723;joelwilliams@example.com;False;Female;01/01/0001;30325023;01/01/0001;50199425357;Portuguese;Berlin;C:\Users\user\Documents\photos\12.jpg0000000000000000000000000000000000000000000000000000000000000000000000000000000000000000000000000;0;0;1;2;3;4;5;6;7;8;9;10;11;12;13;14;15;16;17;18;19;20;21;22;23;24;25;26;27;28;29;30;31;32;33;34;35
13;Licínio;Rosário;98068 Elizabeth Bridge Suite 201;66517;East Elizabethmouth;726.506.0418x540;david39@example.net;False;Male;01/01/0001;81620614;01/01/0001;93525721904;German;Paris;C:\Users\user\Documents\photos\13.jpg0000000000000000000000000000000000000000000000000000000000000000000000000000000000000000000000000;0;0;1;2;3;4;5;6;7;8;9;10;11;12;13;14;15;16;17;18;19;20;21;22;23;24;25;26;27;28;29;30;31;32;33;34;35
14;Luis;Leopoldo;892 Brent Villages;81886;Port Maryhaven;001-986-037-1949x33710;bentonnicole@example.net;False;Male;01/01/0001;1344333;01/01/0001;93542584314;German;Lisbon;C:\Users\user\Documents\photos\14.jpg0000000000000000000000000000000000000000000000000000000000000000000000000000000000000000000000000;0;0;1;2;3;4;5;6;7;8;9;10;11;12;13;14;15;16;17;18;19;20;21;22;23;24;25;26;27;28;29;30;31;32;33;34;35
15;Luis;Patricio;3181 Jennifer Spurs;57971;Wendychester;-6321;courtneyhunter@example.net;False;Male;01/01/0001;50022465;01/01/0001;97462917358;Spanish;Madrid;C:\Users\user\Documents\photos\15.jpg0000000000000000000000000000000000000000000000000000000000000000000000000000000000000000000000000;0;0;1;2;3;4;5;6;7;8;9;10;11;12;13;14;15;16;17;18;19;20;21;22;23;24;25;26;27;28;29;30;31;32;33;34;35
16;Maria;Cristina;7694 Martinez Trace Suite 689;85265;Mortonville;381.174.6287;rachel23@example.net;False;Male;01/01/0001;18174557;01/01/0001;82008108895;Italian;Lisbon;C:\Users\user\Documents\photos\16.jpg0000000000000000000000000000000000000000000000000000000000000000000000000000000000000000000000000;0;0;1;2;3;4;5;6;7;8;9;10;11;12;13;14;15;16;17;18;19;20;21;22;23;24;25;26;27;28;29;30;31;32;33;34;35
17;Mariana;Oliveira;0876 Jonathan Burg Apt. 342;36661;Duncanside;001-779-241-0072x9860;luke55@example.org;True;Male;01/01/0001;2522958;01/01/0001;8590979204;Spanish;Madrid;C:\Users\user\Documents\photos\17.jpg0000000000000000000000000000000000000000000000000000000000000000000000000000000000000000000000000;0;0;1;2;3;4;5;6;7;8;9;10;11;12;13;14;15;16;17;18;19;20;21;22;23;24;25;26;27;28;29;30;31;32;33;34;35
18;Mariana;Leite;772 George Neck;11319;North Jeffreyfurt;553-298-2711x7474;austin24@example.com;False;Male;01/01/0001;29052319;01/01/0001;96719934542;German;Berlin;C:\Users\user\Documents\photos\18.jpg0000000000000000000000000000000000000000000000000000000000000000000000000000000000000000000000000;0;0;1;2;3;4;5;6;7;8;9;10;11;12;13;14;15;16;17;18;19;20;21;22;23;24;25;26;27;28;29;30;31;32;33;34;35
19;Nuno;Vilhena Santos;75604 Nichole Lock Suite 150;41418;Aaronport;+1-477-046-5663x735;wolsen@example.org;False;Female;01/01/0001;12290043;01/01/0001;91270226794;German;Paris;C:\Users\user\Documents\photos\19.jpg0000000000000000000000000000000000000000000000000000000000000000000000000000000000000000000000000;0;0;1;2;3;4;5;6;7;8;9;10;11;12;13;14;15;16;17;18;19;20;21;22;23;24;25;26;27;28;29;30;31;32;33;34;35
20;Pedro;Silva;026 Michelle Hills Suite 314;27582;New Aprilport;(167)080-7957x0981;davidlewis@example.net;False;Male;01/01/0001;53430635;01/01/0001;92657424644;German;Lisbon;C:\Users\user\Documents\photos\20.jpg0000000000000000000000000000000000000000000000000000000000000000000000000000000000000000000000000;0;0;1;2;3;4;5;6;7;8;9;10;11;12;13;14;15;16;17;18;19;20;21;22;23;24;25;26;27;28;29;30;31;32;33;34;35
21;Reinaldo;Souza;789 Mendoza Ridges Apt. 887;66795;Ravenport;+1-923-515-6988x30742;uholt@example.org;True;Female;01/01/0001;25132938;01/01/0001;2275003520;French;Berlin;C:\Users\user\Documents\photos\21.jpg0000000000000000000000000000000000000000000000000000000000000000000000000000000000000000000000000;0;0;1;2;3;4;5;6;7;8;9;10;11;12;13;14;15;16;17;18;19;20;21;22;23;24;25;26;27;28;29;30;31;32;33;34;35
22;Ruben;Correia;5452 Harris Walks Suite 938;10637;South Shane;(812)502-4499;mmorris@example.org;False;Male;01/01/0001;96260907;01/01/0001;27664254425;German;Lisbon;C:\Users\user\Documents\photos\22.jpg0000000000000000000000000000000000000000000000000000000000000000000000000000000000000000000000000;0;0;1;2;3;4;5;6;7;8;9;10;11;12;13;14;15;16;17;18;19;20;21;22;23;24;25;26;27;28;29;30;31;32;33;34;35
23;Simão;André;10527 George Place;32267;New Amandamouth;(743)156-5706;xarmstrong@example.org;False;Male;01/01/0001;23173855;01/01/0001;73045286888;Spanish;Paris;C:\Users\user\Documents\photos\23.jpg0000000000000000000000000000000000000000000000000000000000000000000000000000000000000000000000000;0;0;1;2;3;4;5;6;7;8;9;10;11;12;13;14;15;16;17;18;19;20;21;22;23;24;25;26;27;28;29;30;31;32;33;34;35
24;Tatiane;Avellar;0925 Katherine Stravenue Apt. 073;26616;Wendymouth;5609313641;dunnjerry@example.net;True;Female;01/01/0001;52681748;01/01/0001;33621697653;French;Paris;C:\Users\user\Documents\photos\24.jpg0000000000000000000000000000000000000000000000000000000000000000000000000000000000000000000000000;0;0;1;2;3;4;5;6;7;8;9;10;11;12;13;14;15;16;17;18;19;20;21;22;23;24;25;26;27;28;29;30;31;32;33;34;35
25;Ana;Ribeiro;159 Joe Valley Suite 782;65326;West Vanessa;070-453-8391;moorejames@example.com;True;Female;01/01/0001;56871190;01/01/0001;6280398466;German;Lisbon;C:\Users\user\Documents\photos\1.jpg0000000000000000000000000000000000000000000000000000000000000000000000000000000000000000000000000;0;0;1;2;3;4;5;6;7;8;9;10;11;12;13;14;15;16;17;18;19;20;21;22;23;24;25;26;27;28;29;30;31;32;33;34;35
26;Bruno;Ferreira;99154 Smith Locks;11129;Burtonborough;004.692.6673x2084;scott47@example.com;True;Female;01/01/0001;20393446;01/01/0001;98288764853;German;Lisbon;C:\Users\user\Documents\photos\2.jpg0000000000000000000000000000000000000000000000000000000000000000000000000000000000000000000000000;0;0;1;2;3;4;5;6;7;8;9;10;11;12;13;14;15;16;17;18;19;20;21;22;23;24;25;26;27;28;29;30;31;32;33;34;35
27;Catarina;Palma;5103 Hill Highway;38588;Melvinton;001-381-194-7797x186;shane19@example.net;True;Male;01/01/0001;96651936;01/01/0001;32673449095;German;Rome;C:\Users\user\Documents\photos\3.jpg0000000000000000000000000000000000000000000000000000000000000000000000000000000000000000000000000;0;0;1;2;3;4;5;6;7;8;9;10;11;12;13;14;15;16;17;18;19;20;21;22;23;24;25;26;27;28;29;30;31;32;33;34;35
28;Claudia;Passarinho;21636 Jacob Burg Suite 151;74804;Kathyborough;(742)457-4796x662;walkersandra@example.org;False;Female;01/01/0001;83768980;01/01/0001;6015557799;French;Berlin;C:\Users\user\Documents\photos\4.jpg0000000000000000000000000000000000000000000000000000000000000000000000000000000000000000000000000;0;0;1;2;3;4;5;6;7;8;9;10;11;12;13;14;15;16;17;18;19;20;21;22;23;24;25;26;27;28;29;30;31;32;33;34;35
29;Dário;Dias;6423 Taylor Oval Suite 995;38702;Sandersport;152.965.2097x3064;cyoung@example.com;False;Female;01/01/0001;3761333;01/01/0001;74426896039;French;Madrid;C:\Users\user\Documents\photos\5.jpg0000000000000000000000000000000000000000000000000000000000000000000000000000000000000000000000000;0;0;1;2;3;4;5;6;7;8;9;10;11;12;13;14;15;16;17;18;19;20;21;22;23;24;25;26;27;28;29;30;31;32;33;34;35
30;Diogo;Alves;818 Abbott Burgs Apt. 879;68024;Port Robertside;324.018.6096x9905;jasonthompson@example.com;False;Male;01/01/0001;84429162;01/01/0001;5806941693;Portuguese;Berlin;C:\Users\user\Documents\photos\6.jpg0000000000000000000000000000000000000000000000000000000000000000000000000000000000000000000000000;0;0;1;2;3;4;5;6;7;8;9;10;11;12;13;14;15;16;17;18;19;20;21;22;23;24;25;26;27;28;29;30;31;32;33;34;35
31;Diogo;Santana;61735 Jessica Station Apt. 930;88288;Hollandton;406.525.9000x31147;russelllaurie@example.com;False;Female;01/01/0001;21866316;01/01/0001;84139219950;German;Paris;C:\Users\user\Documents\photos\7.jpg0000000000000000000000000000000000000000000000000000000000000000000000000000000000000000000000000;0;0;1;2;3;4;5;6;7;8;9;10;11;12;13;14;15;16;17;18;19;20;21;22;23;24;25;26;27;28;29;30;31;32;33;34;35
32;Duarte;Marques;91870 Henry Bypass;84397;West Julie;+1-326-065-8959x09290;tylerwiggins@example.com;True;Male;01/01/0001;15372102;01/01/0001;31358177019;German;Paris;C:\Users\user\Documents\photos\8.jpg0000000000000000000000000000000000000000000000000000000000000000000000000000000000000000000000000;0;0;1;2;3;4;5;6;7;8;9;10;11;12;13;14;15;16;17;18;19;20;21;22;23;24;25;26;27;28;29;30;31;32;33;34;35
33;Filipe;Baptista;2102 Owens Pine;87782;East Ashley;-10720;estradajennifer@example.com;True;Female;01/01/0001;71318755;01/01/0001;92341603030;German;Paris;C:\Users\user\Documents\photos\9.jpg0000000000000000000000000000000000000000000000000000000000000000000000000000000000000000000000000;0;0;1;2;3;4;5;6;7;8;9;10;11;12;13;14;15;16;17;18;19;20;21;22;23;24;25;26;27;28;29;30;31;32;33;34;35
34;Joel;Santo Rangel;495 Zachary Square Apt. 770;5946;West Seanland;597-118-0309x8737;hollymunoz@example.com;True;Male;01/01/0001;83532618;01/01/0001;6408883316;Portuguese;Madrid;C:\Users\user\Documents\photos\10.jpg0000000000000000000000000000000000000000000000000000000000000000000000000000000000000000000000000;0;0;1;2;3;4;5;6;7;8;9;10;11;12;13;14;15;16;17;18;19;20;21;22;23;24;25;26;27;28;29;30;31;32;33;34;35
35;Jorge;Pinto;2853 Amy Lane;83476;Courtneyburgh;498.224.9012;destinyhill@example.com;True;Male;01/01/0001;37392202;01/01/0001;28886956733;Portuguese;Berlin;C:\Users\user\Documents\photos\11.jpg0000000000000000000000000000000000000000000000000000000000000000000000000000000000000000000000000;0;0;1;2;3;4;5;6;7;8;9;10;11;12;13;14;15;16;17;18;19;20;21;22;23;24;25;26;27;28;29;30;31;32;33;34;35
36;Láercio;Rodrigues;9836 Lori Road;83462;Swansonburgh;174.661.9625x1723;joelwilliams@example.com;False;Female;01/01/0001;30325023;01/01/0001;50199425357;Portuguese;Berlin;C:\Users\user\Documents\photos\12.jpg0000000000000000000000000000000000000000000000000000000000000000000000000000000000000000000000000;0;0;1;2;3;4;5;6;7;8;9;10;11;12;13;14;15;16;17;18;19;20;21;22;23;24;25;26;27;28;29;30;31;32;33;34;35
37;Licínio;Rosário;98068 Elizabeth Bridge Suite 201;66517;East Elizabethmouth;726.506.0418x540;david39@example.net;False;Male;01/01/0001;81620614;01/01/0001;93525721904;German;Paris;C:\Users\user\Documents\photos\13.jpg0000000000000000000000000000000000000000000000000000000000000000000000000000000000000000000000000;0;0;1;2;3;4;5;6;7;8;9;10;11;12;13;14;15;16;17;18;19;20;21;22;23;24;25;26;27;28;29;30;31;32;33;34;35
38;Luis;Leopoldo;892 Brent Villages;81886;Port Maryhaven;001-986-037-1949x33710;bentonnicole@example.net;False;Male;01/01/0001;1344333;01/01/0001;93542584314;German;Lisbon;C:\Users\user\Documents\photos\14.jpg0000000000000000000000000000000000000000000000000000000000000000000000000000000000000000000000000;0;0;1;2;3;4;5;6;7;8;9;10;11;12;13;14;15;16;17;18;19;20;21;22;23;24;25;26;27;28;29;30;31;32;33;34;35
39;Luis;Patricio;3181 Jennifer Spurs;57971;Wendychester;-6321;courtneyhunter@example.net;False;Male;01/01/0001;50022465;01/01/0001;97462917358;Spanish;Madrid;C:\Users\user\Documents\photos\15.jpg0000000000000000000000000000000000000000000000000000000000000000000000000000000000000000000000000;0;0;1;2;3;4;5;6;7;8;9;10;11;12;13;14;15;16;17;18;19;20;21;22;23;24;25;26;27;28;29;30;31;32;33;34;35
40;Maria;Cristina;7694 Martinez Trace Suite 689;85265;Mortonville;381.174.6287;rachel23@example.net;False;Male;01/01/0001;18174557;01/01/0001;82008108895;Italian;Lisbon;C:\Users\user\Documents\photos\16.jpg0000000000000000000000000000000000000000000000000000000000000000000000000000000000000000000000000;0;0;1;2;3;4;5;6;7;8;9;10;11;12;13;14;15;16;17;18;19;20;21;22;23;24;25;26;27;28;29;30;31;32;33;34;35
41;Mariana;Oliveira;0876 Jonathan Burg Apt. 342;36661;Duncanside;001-779-241-0072x9860;luke55@example.org;True;Male;01/01/0001;2522958;01/01/0001;8590979204;Spanish;Madrid;C:\Users\user\Documents\photos\17.jpg0000000000000000000000000000000000000000000000000000000000000000000000000000000000000000000000000;0;0;1;2;3;4;5;6;7;8;9;10;11;12;13;14;15;16;17;18;19;20;21;22;23;24;25;26;27;28;29;30;31;32;33;34;35
42;Mariana;Leite;772 George Neck;11319;North Jeffreyfurt;553-298-2711x7474;austin24@example.com;False;Male;01/01/0001;29052319;01/01/0001;96719934542;German;Berlin;C:\Users\user\Documents\photos\18.jpg0000000000000000000000000000000000000000000000000000000000000000000000000000000000000000000000000;0;0;1;2;3;4;5;6;7;8;9;10;11;12;13;14;15;16;17;18;19;20;21;22;23;24;25;26;27;28;29;30;31;32;33;34;35
43;Nuno;Vilhena Santos;75604 Nichole Lock Suite 150;41418;Aaronport;+1-477-046-5663x735;wolsen@example.org;False;Female;01/01/0001;12290043;01/01/0001;91270226794;German;Paris;C:\Users\user\Documents\photos\19.jpg0000000000000000000000000000000000000000000000000000000000000000000000000000000000000000000000000;0;0;1;2;3;4;5;6;7;8;9;10;11;12;13;14;15;16;17;18;19;20;21;22;23;24;25;26;27;28;29;30;31;32;33;34;35
44;Pedro;Silva;026 Michelle Hills Suite 314;27582;New Aprilport;(167)080-7957x0981;davidlewis@example.net;False;Male;01/01/0001;53430635;01/01/0001;92657424644;German;Lisbon;C:\Users\user\Documents\photos\20.jpg0000000000000000000000000000000000000000000000000000000000000000000000000000000000000000000000000;0;0;1;2;3;4;5;6;7;8;9;10;11;12;13;14;15;16;17;18;19;20;21;22;23;24;25;26;27;28;29;30;31;32;33;34;35
45;Reinaldo;Souza;789 Mendoza Ridges Apt. 887;66795;Ravenport;+1-923-515-6988x30742;uholt@example.org;True;Female;01/01/0001;25132938;01/01/0001;2275003520;French;Berlin;C:\Users\user\Documents\photos\21.jpg0000000000000000000000000000000000000000000000000000000000000000000000000000000000000000000000000;0;0;1;2;3;4;5;6;7;8;9;10;11;12;13;14;15;16;17;18;19;20;21;22;23;24;25;26;27;28;29;30;31;32;33;34;35
46;Ruben;Correia;5452 Harris Walks Suite 938;10637;South Shane;(812)502-4499;mmorris@example.org;False;Male;01/01/0001;96260907;01/01/0001;27664254425;German;Lisbon;C:\Users\user\Documents\photos\22.jpg0000000000000000000000000000000000000000000000000000000000000000000000000000000000000000000000000;0;0;1;2;3;4;5;6;7;8;9;10;11;12;13;14;15;16;17;18;19;20;21;22;23;24;25;26;27;28;29;30;31;32;33;34;35
47;Simão;André;10527 George Place;32267;New Amandamouth;(743)156-5706;xarmstrong@example.org;False;Male;01/01/0001;23173855;01/01/0001;73045286888;Spanish;Paris;C:\Users\user\Documents\photos\23.jpg0000000000000000000000000000000000000000000000000000000000000000000000000000000000000000000000000;0;0;1;2;3;4;5;6;7;8;9;10;11;12;13;14;15;16;17;18;19;20;21;22;23;24;25;26;27;28;29;30;31;32;33;34;35
48;Tatiane;Avellar;0925 Katherine Stravenue Apt. 073;26616;Wendymouth;5609313641;dunnjerry@example.net;True;Female;01/01/0001;52681748;01/01/0001;33621697653;French;Paris;C:\Users\user\Documents\photos\24.jpg0000000000000000000000000000000000000000000000000000000000000000000000000000000000000000000000000;0;0;1;2;3;4;5;6;7;8;9;10;11;12;13;14;15;16;17;18;19;20;21;22;23;24;25;26;27;28;29;30;31;32;33;34;35
49;-----------;-----------;68611 Smith Extension Apt. 000;41317;Gregoryshire;(394)100-6834;alicedixon@example.net;False;Male;01/01/0001;54937773;01/01/0001;67567186228;French;Lisbon;C:\Users\user\Documents\photos\25.jpg0000000000000000000000000000000000000000000000000000000000000000000000000000000000000000000000000;0;0;1;2;3;4;5;6;7;8;9;10;11;12;13;14;15;16;17;18;19;20;21;22;23;24;25;26;27;28;29;30;31;32;33;34;35
50;Joel;Santo Rangel;646 Bishop Mills;53855;Bakerborough;391496078;huffmantara@example.org;False;Male;01/01/0001;39238558;01/01/0001;84006173652;Italian;Paris;C:\Users\user\Documents\photos\26.jpg0000000000000000000000000000000000000000000000000000000000000000000000000000000000000000000000000;0;0;1;2;3;4;5;6;7;8;9;10;11;12;13;14;15;16;17;18;19;20;21;22;23;24;25;26;27;28;29;30;31;32;33;34;35
51;Nuno;Vilhena Santos;20591 Jenkins Flats Apt. 200;69378;North Charles;220-681-9637;floresmark@example.com;False;Male;01/01/0001;99303966;01/01/0001;81643459696;French;Lisbon;C:\Users\user\Documents\photos\27.jpg0000000000000000000000000000000000000000000000000000000000000000000000000000000000000000000000000;0;0;1;2;3;4;5;6;7;8;9;10;11;12;13;14;15;16;17;18;19;20;21;22;23;24;25;26;27;28;29;30;31;32;33;34;35
52;-----------;-----------;941 Allen Pines Apt. 615;51673;South Kellystad;530-245-3009;banksdiana@example.net;False;Female;01/01/0001;55538544;01/01/0001;22954749510;Italian;Rome;C:\Users\user\Documents\photos\28.jpg0000000000000000000000000000000000000000000000000000000000000000000000000000000000000000000000000;0;0;1;2;3;4;5;6;7;8;9;10;11;12;13;14;15;16;17;18;19;20;21;22;23;24;25;26;27;28;29;30;31;32;33;34;35
53;Ana;Ribeiro;99784 Karen Drives;68279;Samuelstad;(704)806-8145x2348;pmiller@example.com;True;Male;01/01/0001;40886758;01/01/0001;80493185686;German;Paris;C:\Users\user\Documents\photos\29.jpg0000000000000000000000000000000000000000000000000000000000000000000000000000000000000000000000000;0;0;1;2;3;4;5;6;7;8;9;10;11;12;13;14;15;16;17;18;19;20;21;22;23;24;25;26;27;28;29;30;31;32;33;34;35
54;Bruno;Ferreira;766 Anderson Fall Suite 658;11733;Danielhaven;001-605-270-0337x063;gpratt@example.net;False;Male;01/01/0001;7810236;01/01/0001;47718949843;Italian;Lisbon;C:\Users\user\Documents\photos\30.jpg0000000000000000000000000000000000000000000000000000000000000000000000000000000000000000000000000;0;0;1;2;3;4;5;6;7;8;9;10;11;12;13;14;15;16;17;18;19;20;21;22;23;24;25;26;27;28;29;30;31;32;33;34;35
55;Catarina;Palma;36201 Hannah View;27939;New Roytown;419.480.2411x892;destiny68@example.com;True;Female;01/01/0001;84505797;01/01/0001;79938926214;Spanish;Madrid;C:\Users\user\Documents\photos\31.jpg0000000000000000000000000000000000000000000000000000000000000000000000000000000000000000000000000;0;0;1;2;3;4;5;6;7;8;9;10;11;12;13;14;15;16;17;18;19;20;21;22;23;24;25;26;27;28;29;30;31;32;33;34;35
56;Claudia;Passarinho;91589 Jones Trace;48116;Cobbfort;897.651.7367x5679;jamesmatthew@example.org;False;Female;01/01/0001;44202357;01/01/0001;99507267100;Italian;Paris;C:\Users\user\Documents\photos\32.jpg0000000000000000000000000000000000000000000000000000000000000000000000000000000000000000000000000;0;0;1;2;3;4;5;6;7;8;9;10;11;12;13;14;15;16;17;18;19;20;21;22;23;24;25;26;27;28;29;30;31;32;33;34;35
57;Dário;Dias;883 Day Courts;71363;North Stacyside;001-211-961-9811;dvargas@example.net;True;Male;01/01/0001;84065698;01/01/0001;92543158273;Spanish;Berlin;C:\Users\user\Documents\photos\33.jpg0000000000000000000000000000000000000000000000000000000000000000000000000000000000000000000000000;0;0;1;2;3;4;5;6;7;8;9;10;11;12;13;14;15;16;17;18;19;20;21;22;23;24;25;26;27;28;29;30;31;32;33;34;35
58;Diogo;Alves;170 Koch Turnpike Suite 106;35221;Thomasmouth;827-374-7399x75551;waltersscott@example.org;True;Male;01/01/0001;81211010;01/01/0001;49161633948;Italian;Paris;C:\Users\user\Documents\photos\34.jpg0000000000000000000000000000000000000000000000000000000000000000000000000000000000000000000000000;0;0;1;2;3;4;5;6;7;8;9;10;11;12;13;14;15;16;17;18;19;20;21;22;23;24;25;26;27;28;29;30;31;32;33;34;35
59;Diogo;Santana;762 Aimee Springs Apt. 786;88613;Larsonhaven;712.852.7826;walterstevens@example.com;True;Male;01/01/0001;47352725;01/01/0001;65290519266;Portuguese;Berlin;C:\Users\user\Documents\photos\35.jpg0000000000000000000000000000000000000000000000000000000000000000000000000000000000000000000000000;0;0;1;2;3;4;5;6;7;8;9;10;11;12;13;14;15;16;17;18;19;20;21;22;23;24;25;26;27;28;29;30;31;32;33;34;35
60;Duarte;Marques;23836 Justin Motorway;40117;Rebeccaside;001-499-486-8606;lbenitez@example.net;True;Male;01/01/0001;1758004;01/01/0001;67315721625;Spanish;Rome;C:\Users\user\Documents\photos\36.jpg0000000000000000000000000000000000000000000000000000000000000000000000000000000000000000000000000;0;0;1;2;3;4;5;6;7;8;9;10;11;12;13;14;15;16;17;18;19;20;21;22;23;24;25;26;27;28;29;30;31;32;33;34;35
61;Filipe;Baptista;770 John Mountains Suite 734;70323;Mayhaven;918-557-9680x2288;donnamoses@example.net;True;Female;01/01/0001;73704182;01/01/0001;66921188874;Italian;Berlin;C:\Users\user\Documents\photos\37.jpg0000000000000000000000000000000000000000000000000000000000000000000000000000000000000000000000000;0;0;1;2;3;4;5;6;7;8;9;10;11;12;13;14;15;16;17;18;19;20;21;22;23;24;25;26;27;28;29;30;31;32;33;34;35
62;Joel;Santo Rangel;09400 Sweeney Landing Apt. 275;88963;Knightchester;061-205-2308x7802;pjones@example.org;False;Male;01/01/0001;10502159;01/01/0001;83273276587;French;Berlin;C:\Users\user\Documents\photos\38.jpg0000000000000000000000000000000000000000000000000000000000000000000000000000000000000000000000000;0;0;1;2;3;4;5;6;7;8;9;10;11;12;13;14;15;16;17;18;19;20;21;22;23;24;25;26;27;28;29;30;31;32;33;34;35
63;Jorge;Pinto;5833 Emily Points Apt. 037;1401;Lake Heather;600-867-1423;dale02@example.net;True;Female;01/01/0001;76963314;01/01/0001;5997741249;Spanish;Lisbon;C:\Users\user\Documents\photos\39.jpg0000000000000000000000000000000000000000000000000000000000000000000000000000000000000000000000000;0;0;1;2;3;4;5;6;7;8;9;10;11;12;13;14;15;16;17;18;19;20;21;22;23;24;25;26;27;28;29;30;31;32;33;34;35
64;Láercio;Rodrigues;07195 Porter Hollow Suite 719;44992;West Courtneystad;(885)802-7827x3557;hannahfarmer@example.com;False;Male;01/01/0001;47797725;01/01/0001;37647695451;German;Lisbon;C:\Users\user\Documents\photos\40.jpg0000000000000000000000000000000000000000000000000000000000000000000000000000000000000000000000000;0;0;1;2;3;4;5;6;7;8;9;10;11;12;13;14;15;16;17;18;19;20;21;22;23;24;25;26;27;28;29;30;31;32;33;34;35
65;Licínio;Rosário;83637 David Drives Suite 333;88938;Port Craig;678-024-6958;patriciafarley@example.com;False;Female;01/01/0001;21118482;01/01/0001;50010541683;French;Rome;C:\Users\user\Documents\photos\41.jpg0000000000000000000000000000000000000000000000000000000000000000000000000000000000000000000000000;0;0;1;2;3;4;5;6;7;8;9;10;11;12;13;14;15;16;17;18;19;20;21;22;23;24;25;26;27;28;29;30;31;32;33;34;35
66;Luis;Leopoldo;789 Jesus Lights;66744;New Theresaville;4495713845;afinley@example.net;False;Male;01/01/0001;96287002;01/01/0001;37264319254;German;Madrid;C:\Users\user\Documents\photos\42.jpg0000000000000000000000000000000000000000000000000000000000000000000000000000000000000000000000000;0;0;1;2;3;4;5;6;7;8;9;10;11;12;13;14;15;16;17;18;19;20;21;22;23;24;25;26;27;28;29;30;31;32;33;34;35
67;Luis;Patricio;7580 Vega Loop;64207;South Andrea;001-091-087-2034x16888;keithedwards@example.org;False;Male;01/01/0001;36280321;01/01/0001;71149906544;Italian;Paris;C:\Users\user\Documents\photos\43.jpg0000000000000000000000000000000000000000000000000000000000000000000000000000000000000000000000000;0;0;1;2;3;4;5;6;7;8;9;10;11;12;13;14;15;16;17;18;19;20;21;22;23;24;25;26;27;28;29;30;31;32;33;34;35
68;Maria;Cristina;258 Hannah Plains Suite 645;61506;Chasebury;(368)011-3827x3656;schroederjaime@example.net;False;Female;01/01/0001;91377059;01/01/0001;354247313;Italian;Paris;C:\Users\user\Documents\photos\44.jpg0000000000000000000000000000000000000000000000000000000000000000000000000000000000000000000000000;0;0;1;2;3;4;5;6;7;8;9;10;11;12;13;14;15;16;17;18;19;20;21;22;23;24;25;26;27;28;29;30;31;32;33;34;35
69;Mariana;Oliveira;59465 Hodge Road Suite 965;68057;South Robert;249.419.2294;jennifersummers@example.com;False;Male;01/01/0001;86076163;01/01/0001;74847881734;French;Rome;C:\Users\user\Documents\photos\45.jpg0000000000000000000000000000000000000000000000000000000000000000000000000000000000000000000000000;0;0;1;2;3;4;5;6;7;8;9;10;11;12;13;14;15;16;17;18;19;20;21;22;23;24;25;26;27;28;29;30;31;32;33;34;35
70;Mariana;Leite;4719 Karen Land;87771;Mcguiremouth;+1-391-071-7449x722;hillanthony@example.net;True;Male;01/01/0001;65500599;01/01/0001;41661589500;Spanish;Berlin;C:\Users\user\Documents\photos\46.jpg0000000000000000000000000000000000000000000000000000000000000000000000000000000000000000000000000;0;0;1;2;3;4;5;6;7;8;9;10;11;12;13;14;15;16;17;18;19;20;21;22;23;24;25;26;27;28;29;30;31;32;33;34;35
71;Nuno;Vilhena Santos;2941 Valdez Common Apt. 401;28347;New Sherrymouth;678-078-7272x077;christina90@example.com;False;Male;01/01/0001;16659425;01/01/0001;38532885008;German;Lisbon;C:\Users\user\Documents\photos\47.jpg0000000000000000000000000000000000000000000000000000000000000000000000000000000000000000000000000;0;0;1;2;3;4;5;6;7;8;9;10;11;12;13;14;15;16;17;18;19;20;21;22;23;24;25;26;27;28;29;30;31;32;33;34;35
72;Pedro;Silva;1832 Kim Hollow;42525;Castanedaport;6562697907;ykelly@example.com;False;Female;01/01/0001;37366309;01/01/0001;65054051317;Italian;Lisbon;C:\Users\user\Documents\photos\48.jpg0000000000000000000000000000000000000000000000000000000000000000000000000000000000000000000000000;0;0;1;2;3;4;5;6;7;8;9;10;11;12;13;14;15;16;17;18;19;20;21;22;23;24;25;26;27;28;29;30;31;32;33;34;35
73;Reinaldo;Souza;827 Price Mills Suite 035;1487;West Chad;+1-246-363-4173x520;masonkaren@example.net;False;Female;01/01/0001;7081863;01/01/0001;85045964097;Spanish;Lisbon;C:\Users\user\Documents\photos\49.jpg0000000000000000000000000000000000000000000000000000000000000000000000000000000000000000000000000;0;0;1;2;3;4;5;6;7;8;9;10;11;12;13;14;15;16;17;18;19;20;21;22;23;24;25;26;27;28;29;30;31;32;33;34;35
74;Ruben;Correia;333 Hernandez Place Suite 771;97591;New Catherineborough;(221)400-4017;carrolltyler@example.net;True;Female;01/01/0001;61904534;01/01/0001;27319094687;Italian;Paris;C:\Users\user\Documents\photos\50.jpg0000000000000000000000000000000000000000000000000000000000000000000000000000000000000000000000000;0;0;1;2;3;4;5;6;7;8;9;10;11;12;13;14;15;16;17;18;19;20;21;22;23;24;25;26;27;28;29;30;31;32;33;34;35
75;Simão;André;2941 Valdez Common Apt. 401;28347;New Sherrymouth;678-078-7272x077;christina90@example.com;False;Male;01/01/0001;16659425;01/01/0001;38532885008;German;Lisbon;C:\Users\user\Documents\photos\47.jpg0000000000000000000000000000000000000000000000000000000000000000000000000000000000000000000000000;0;0;1;2;3;4;5;6;7;8;9;10;11;12;13;14;15;16;17;18;19;20;21;22;23;24;25;26;27;28;29;30;31;32;33;34;35
76;Tatiane;Avellar;1832 Kim Hollow;42525;Castanedaport;6562697907;ykelly@example.com;False;Female;01/01/0001;37366309;01/01/0001;65054051317;Italian;Lisbon;C:\Users\user\Documents\photos\48.jpg0000000000000000000000000000000000000000000000000000000000000000000000000000000000000000000000000;0;0;1;2;3;4;5;6;7;8;9;10;11;12;13;14;15;16;17;18;19;20;21;22;23;24;25;26;27;28;29;30;31;32;33;34;35
77;nunos;nunos;827 Price Mills Suite 035;1487;West Chad;+1-246-363-4173x520;masonkaren@example.net;False;Female;01/01/0001;7081863;01/01/0001;85045964097;Spanish;Lisbon;C:\Users\user\Documents\photos\49.jpg0000000000000000000000000000000000000000000000000000000000000000000000000000000000000000000000000;0;0;1;2;3;4;5;6;7;8;9;10;11;12;13;14;15;16;17;18;19;20;21;22;23;24;25;26;27;28;29;30;31;32;33;34;35
78;qweqwe;qweqew;333 Hernandez Place Suite 771;97591;New Catherineborough;(221)400-4017;carrolltyler@example.net;True;Female;01/01/0001;61904534;01/01/0001;27319094687;Italian;Paris;C:\Users\user\Documents\photos\50.jpg0000000000000000000000000000000000000000000000000000000000000000000000000000000000000000000000000;0;0;1;2;3;4;5;6;7;8;9;10;11;12;13;14;15;16;17;18;19;20;21;22;23;24;25;26;27;28;29;30;31;32;33;34;35
79;Jodi;Wright;159 Joe Valley Suite 782;65326;West Vanessa;070-453-8391;moorejames@example.com;True;Female;01/01/0001;56871190;01/01/0001;6280398466;German;Lisbon;C:\Users\user\Documents\photos\1.jpg0000000000000000000000000000000000000000000000000000000000000000000000000000000000000000000000000;0;0;1;2;3;4;5;6;7;8;9;10;11;12;13;14;15;16;17;18;19;20;21;22;23;24;25;26;27;28;29;30;31;32;33;34;35
80;Leslie;Beck;99154 Smith Locks;11129;Burtonborough;004.692.6673x2084;scott47@example.com;True;Female;01/01/0001;20393446;01/01/0001;98288764853;German;Lisbon;C:\Users\user\Documents\photos\2.jpg0000000000000000000000000000000000000000000000000000000000000000000000000000000000000000000000000;0;0;1;2;3;4;5;6;7;8;9;10;11;12;13;14;15;16;17;18;19;20;21;22;23;24;25;26;27;28;29;30;31;32;33;34;35
81;Jack;Fuller;5103 Hill Highway;38588;Melvinton;001-381-194-7797x186;shane19@example.net;True;Male;01/01/0001;96651936;01/01/0001;32673449095;German;Rome;C:\Users\user\Documents\photos\3.jpg0000000000000000000000000000000000000000000000000000000000000000000000000000000000000000000000000;0;0;1;2;3;4;5;6;7;8;9;10;11;12;13;14;15;16;17;18;19;20;21;22;23;24;25;26;27;28;29;30;31;32;33;34;35
82;Ryan;Moran;21636 Jacob Burg Suite 151;74804;Kathyborough;(742)457-4796x662;walkersandra@example.org;False;Female;01/01/0001;83768980;01/01/0001;6015557799;French;Berlin;C:\Users\user\Documents\photos\4.jpg0000000000000000000000000000000000000000000000000000000000000000000000000000000000000000000000000;0;0;1;2;3;4;5;6;7;8;9;10;11;12;13;14;15;16;17;18;19;20;21;22;23;24;25;26;27;28;29;30;31;32;33;34;35
83;Antonio;Baker;6423 Taylor Oval Suite 995;38702;Sandersport;152.965.2097x3064;cyoung@example.com;False;Female;01/01/0001;3761333;01/01/0001;74426896039;French;Madrid;C:\Users\user\Documents\photos\5.jpg0000000000000000000000000000000000000000000000000000000000000000000000000000000000000000000000000;0;0;1;2;3;4;5;6;7;8;9;10;11;12;13;14;15;16;17;18;19;20;21;22;23;24;25;26;27;28;29;30;31;32;33;34;35
84;Michael;Rubio;818 Abbott Burgs Apt. 879;68024;Port Robertside;324.018.6096x9905;jasonthompson@example.com;False;Male;01/01/0001;84429162;01/01/0001;5806941693;Portuguese;Berlin;C:\Users\user\Documents\photos\6.jpg0000000000000000000000000000000000000000000000000000000000000000000000000000000000000000000000000;0;0;1;2;3;4;5;6;7;8;9;10;11;12;13;14;15;16;17;18;19;20;21;22;23;24;25;26;27;28;29;30;31;32;33;34;35
85;Juan;Russell;61735 Jessica Station Apt. 930;88288;Hollandton;406.525.9000x31147;russelllaurie@example.com;False;Female;01/01/0001;21866316;01/01/0001;84139219950;German;Paris;C:\Users\user\Documents\photos\7.jpg0000000000000000000000000000000000000000000000000000000000000000000000000000000000000000000000000;0;0;1;2;3;4;5;6;7;8;9;10;11;12;13;14;15;16;17;18;19;20;21;22;23;24;25;26;27;28;29;30;31;32;33;34;35
86;Shane;Nielsen;91870 Henry Bypass;84397;West Julie;+1-326-065-8959x09290;tylerwiggins@example.com;True;Male;01/01/0001;15372102;01/01/0001;31358177019;German;Paris;C:\Users\user\Documents\photos\8.jpg0000000000000000000000000000000000000000000000000000000000000000000000000000000000000000000000000;0;0;1;2;3;4;5;6;7;8;9;10;11;12;13;14;15;16;17;18;19;20;21;22;23;24;25;26;27;28;29;30;31;32;33;34;35
87;Eric;Montoya;2102 Owens Pine;87782;East Ashley;-10720;estradajennifer@example.com;True;Female;01/01/0001;71318755;01/01/0001;92341603030;German;Paris;C:\Users\user\Documents\photos\9.jpg0000000000000000000000000000000000000000000000000000000000000000000000000000000000000000000000000;0;0;1;2;3;4;5;6;7;8;9;10;11;12;13;14;15;16;17;18;19;20;21;22;23;24;25;26;27;28;29;30;31;32;33;34;35
88;Brittany;Carroll;495 Zachary Square Apt. 770;5946;West Seanland;597-118-0309x8737;hollymunoz@example.com;True;Male;01/01/0001;83532618;01/01/0001;6408883316;Portuguese;Madrid;C:\Users\user\Documents\photos\10.jpg0000000000000000000000000000000000000000000000000000000000000000000000000000000000000000000000000;0;0;1;2;3;4;5;6;7;8;9;10;11;12;13;14;15;16;17;18;19;20;21;22;23;24;25;26;27;28;29;30;31;32;33;34;35
89;Paul;Lopez;2853 Amy Lane;83476;Courtneyburgh;498.224.9012;destinyhill@example.com;True;Male;01/01/0001;37392202;01/01/0001;28886956733;Portuguese;Berlin;C:\Users\user\Documents\photos\11.jpg0000000000000000000000000000000000000000000000000000000000000000000000000000000000000000000000000;0;0;1;2;3;4;5;6;7;8;9;10;11;12;13;14;15;16;17;18;19;20;21;22;23;24;25;26;27;28;29;30;31;32;33;34;35
90;Michelle;Hill;9836 Lori Road;83462;Swansonburgh;174.661.9625x1723;joelwilliams@example.com;False;Female;01/01/0001;30325023;01/01/0001;50199425357;Portuguese;Berlin;C:\Users\user\Documents\photos\12.jpg0000000000000000000000000000000000000000000000000000000000000000000000000000000000000000000000000;0;0;1;2;3;4;5;6;7;8;9;10;11;12;13;14;15;16;17;18;19;20;21;22;23;24;25;26;27;28;29;30;31;32;33;34;35
91;Richard;Morris;98068 Elizabeth Bridge Suite 201;66517;East Elizabethmouth;726.506.0418x540;david39@example.net;False;Male;01/01/0001;81620614;01/01/0001;93525721904;German;Paris;C:\Users\user\Documents\photos\13.jpg0000000000000000000000000000000000000000000000000000000000000000000000000000000000000000000000000;0;0;1;2;3;4;5;6;7;8;9;10;11;12;13;14;15;16;17;18;19;20;21;22;23;24;25;26;27;28;29;30;31;32;33;34;35
92;Courtney;Jones;892 Brent Villages;81886;Port Maryhaven;001-986-037-1949x33710;bentonnicole@example.net;False;Male;01/01/0001;1344333;01/01/0001;93542584314;German;Lisbon;C:\Users\user\Documents\photos\14.jpg0000000000000000000000000000000000000000000000000000000000000000000000000000000000000000000000000;0;0;1;2;3;4;5;6;7;8;9;10;11;12;13;14;15;16;17;18;19;20;21;22;23;24;25;26;27;28;29;30;31;32;33;34;35
93;John;Boyd;3181 Jennifer Spurs;57971;Wendychester;-6321;courtneyhunter@example.net;False;Male;01/01/0001;50022465;01/01/0001;97462917358;Spanish;Madrid;C:\Users\user\Documents\photos\15.jpg0000000000000000000000000000000000000000000000000000000000000000000000000000000000000000000000000;0;0;1;2;3;4;5;6;7;8;9;10;11;12;13;14;15;16;17;18;19;20;21;22;23;24;25;26;27;28;29;30;31;32;33;34;35
94;Kevin;Thomas;7694 Martinez Trace Suite 689;85265;Mortonville;381.174.6287;rachel23@example.net;False;Male;01/01/0001;18174557;01/01/0001;82008108895;Italian;Lisbon;C:\Users\user\Documents\photos\16.jpg0000000000000000000000000000000000000000000000000000000000000000000000000000000000000000000000000;0;0;1;2;3;4;5;6;7;8;9;10;11;12;13;14;15;16;17;18;19;20;21;22;23;24;25;26;27;28;29;30;31;32;33;34;35
95;Kimberly;Stephens;0876 Jonathan Burg Apt. 342;36661;Duncanside;001-779-241-0072x9860;luke55@example.org;True;Male;01/01/0001;2522958;01/01/0001;8590979204;Spanish;Madrid;C:\Users\user\Documents\photos\17.jpg0000000000000000000000000000000000000000000000000000000000000000000000000000000000000000000000000;0;0;1;2;3;4;5;6;7;8;9;10;11;12;13;14;15;16;17;18;19;20;21;22;23;24;25;26;27;28;29;30;31;32;33;34;35
96;Greg;Brewer;772 George Neck;11319;North Jeffreyfurt;553-298-2711x7474;austin24@example.com;False;Male;01/01/0001;29052319;01/01/0001;96719934542;German;Berlin;C:\Users\user\Documents\photos\18.jpg0000000000000000000000000000000000000000000000000000000000000000000000000000000000000000000000000;0;0;1;2;3;4;5;6;7;8;9;10;11;12;13;14;15;16;17;18;19;20;21;22;23;24;25;26;27;28;29;30;31;32;33;34;35
97;Emily;Moore;75604 Nichole Lock Suite 150;41418;Aaronport;+1-477-046-5663x735;wolsen@example.org;False;Female;01/01/0001;12290043;01/01/0001;91270226794;German;Paris;C:\Users\user\Documents\photos\19.jpg0000000000000000000000000000000000000000000000000000000000000000000000000000000000000000000000000;0;0;1;2;3;4;5;6;7;8;9;10;11;12;13;14;15;16;17;18;19;20;21;22;23;24;25;26;27;28;29;30;31;32;33;34;35
98;Laura;Green;026 Michelle Hills Suite 314;27582;New Aprilport;(167)080-7957x0981;davidlewis@example.net;False;Male;01/01/0001;53430635;01/01/0001;92657424644;German;Lisbon;C:\Users\user\Documents\photos\20.jpg0000000000000000000000000000000000000000000000000000000000000000000000000000000000000000000000000;0;0;1;2;3;4;5;6;7;8;9;10;11;12;13;14;15;16;17;18;19;20;21;22;23;24;25;26;27;28;29;30;31;32;33;34;35
99;Ashley;Hernandez;789 Mendoza Ridges Apt. 887;66795;Ravenport;+1-923-515-6988x30742;uholt@example.org;True;Female;01/01/0001;25132938;01/01/0001;2275003520;French;Berlin;C:\Users\user\Documents\photos\21.jpg0000000000000000000000000000000000000000000000000000000000000000000000000000000000000000000000000;0;0;1;2;3;4;5;6;7;8;9;10;11;12;13;14;15;16;17;18;19;20;21;22;23;24;25;26;27;28;29;30;31;32;33;34;35
100;Robert;Hardin;5452 Harris Walks Suite 938;10637;South Shane;(812)502-4499;mmorris@example.org;False;Male;01/01/0001;96260907;01/01/0001;27664254425;German;Lisbon;C:\Users\user\Documents\photos\22.jpg0000000000000000000000000000000000000000000000000000000000000000000000000000000000000000000000000;0;0;1;2;3;4;5;6;7;8;9;10;11;12;13;14;15;16;17;18;19;20;21;22;23;24;25;26;27;28;29;30;31;32;33;34;35
101;Carol;Weber;10527 George Place;32267;New Amandamouth;(743)156-5706;xarmstrong@example.org;False;Male;01/01/0001;23173855;01/01/0001;73045286888;Spanish;Paris;C:\Users\user\Documents\photos\23.jpg0000000000000000000000000000000000000000000000000000000000000000000000000000000000000000000000000;0;0;1;2;3;4;5;6;7;8;9;10;11;12;13;14;15;16;17;18;19;20;21;22;23;24;25;26;27;28;29;30;31;32;33;34;35
102;Michael;Hoffman;0925 Katherine Stravenue Apt. 073;26616;Wendymouth;5609313641;dunnjerry@example.net;True;Female;01/01/0001;52681748;01/01/0001;33621697653;French;Paris;C:\Users\user\Documents\photos\24.jpg0000000000000000000000000000000000000000000000000000000000000000000000000000000000000000000000000;0;0;1;2;3;4;5;6;7;8;9;10;11;12;13;14;15;16;17;18;19;20;21;22;23;24;25;26;27;28;29;30;31;32;33;34;35
103;Scott;Collins;68611 Smith Extension Apt. 000;41317;Gregoryshire;(394)100-6834;alicedixon@example.net;False;Male;01/01/0001;54937773;01/01/0001;67567186228;French;Lisbon;C:\Users\user\Documents\photos\25.jpg0000000000000000000000000000000000000000000000000000000000000000000000000000000000000000000000000;0;0;1;2;3;4;5;6;7;8;9;10;11;12;13;14;15;16;17;18;19;20;21;22;23;24;25;26;27;28;29;30;31;32;33;34;35
104;Jennifer;Perez;646 Bishop Mills;53855;Bakerborough;391496078;huffmantara@example.org;False;Male;01/01/0001;39238558;01/01/0001;84006173652;Italian;Paris;C:\Users\user\Documents\photos\26.jpg0000000000000000000000000000000000000000000000000000000000000000000000000000000000000000000000000;0;0;1;2;3;4;5;6;7;8;9;10;11;12;13;14;15;16;17;18;19;20;21;22;23;24;25;26;27;28;29;30;31;32;33;34;35
105;Pamela;Levine;20591 Jenkins Flats Apt. 200;69378;North Charles;220-681-9637;floresmark@example.com;False;Male;01/01/0001;99303966;01/01/0001;81643459696;French;Lisbon;C:\Users\user\Documents\photos\27.jpg0000000000000000000000000000000000000000000000000000000000000000000000000000000000000000000000000;0;0;1;2;3;4;5;6;7;8;9;10;11;12;13;14;15;16;17;18;19;20;21;22;23;24;25;26;27;28;29;30;31;32;33;34;35
106;John;Kim;941 Allen Pines Apt. 615;51673;South Kellystad;530-245-3009;banksdiana@example.net;False;Female;01/01/0001;55538544;01/01/0001;22954749510;Italian;Rome;C:\Users\user\Documents\photos\28.jpg0000000000000000000000000000000000000000000000000000000000000000000000000000000000000000000000000;0;0;1;2;3;4;5;6;7;8;9;10;11;12;13;14;15;16;17;18;19;20;21;22;23;24;25;26;27;28;29;30;31;32;33;34;35
107;Benjamin;Price;99784 Karen Drives;68279;Samuelstad;(704)806-8145x2348;pmiller@example.com;True;Male;01/01/0001;40886758;01/01/0001;80493185686;German;Paris;C:\Users\user\Documents\photos\29.jpg0000000000000000000000000000000000000000000000000000000000000000000000000000000000000000000000000;0;0;1;2;3;4;5;6;7;8;9;10;11;12;13;14;15;16;17;18;19;20;21;22;23;24;25;26;27;28;29;30;31;32;33;34;35
108;Megan;Miller;766 Anderson Fall Suite 658;11733;Danielhaven;001-605-270-0337x063;gpratt@example.net;False;Male;01/01/0001;7810236;01/01/0001;47718949843;Italian;Lisbon;C:\Users\user\Documents\photos\30.jpg0000000000000000000000000000000000000000000000000000000000000000000000000000000000000000000000000;0;0;1;2;3;4;5;6;7;8;9;10;11;12;13;14;15;16;17;18;19;20;21;22;23;24;25;26;27;28;29;30;31;32;33;34;35
109;Lori;Blankenship;36201 Hannah View;27939;New Roytown;419.480.2411x892;destiny68@example.com;True;Female;01/01/0001;84505797;01/01/0001;79938926214;Spanish;Madrid;C:\Users\user\Documents\photos\31.jpg0000000000000000000000000000000000000000000000000000000000000000000000000000000000000000000000000;0;0;1;2;3;4;5;6;7;8;9;10;11;12;13;14;15;16;17;18;19;20;21;22;23;24;25;26;27;28;29;30;31;32;33;34;35
110;Denise;Martin;91589 Jones Trace;48116;Cobbfort;897.651.7367x5679;jamesmatthew@example.org;False;Female;01/01/0001;44202357;01/01/0001;99507267100;Italian;Paris;C:\Users\user\Documents\photos\32.jpg0000000000000000000000000000000000000000000000000000000000000000000000000000000000000000000000000;0;0;1;2;3;4;5;6;7;8;9;10;11;12;13;14;15;16;17;18;19;20;21;22;23;24;25;26;27;28;29;30;31;32;33;34;35
111;Donald;Yang;883 Day Courts;71363;North Stacyside;001-211-961-9811;dvargas@example.net;True;Male;01/01/0001;84065698;01/01/0001;92543158273;Spanish;Berlin;C:\Users\user\Documents\photos\33.jpg0000000000000000000000000000000000000000000000000000000000000000000000000000000000000000000000000;0;0;1;2;3;4;5;6;7;8;9;10;11;12;13;14;15;16;17;18;19;20;21;22;23;24;25;26;27;28;29;30;31;32;33;34;35
112;Rachel;Allen;170 Koch Turnpike Suite 106;35221;Thomasmouth;827-374-7399x75551;waltersscott@example.org;True;Male;01/01/0001;81211010;01/01/0001;49161633948;Italian;Paris;C:\Users\user\Documents\photos\34.jpg0000000000000000000000000000000000000000000000000000000000000000000000000000000000000000000000000;0;0;1;2;3;4;5;6;7;8;9;10;11;12;13;14;15;16;17;18;19;20;21;22;23;24;25;26;27;28;29;30;31;32;33;34;35
113;Kristen;Flores;762 Aimee Springs Apt. 786;88613;Larsonhaven;712.852.7826;walterstevens@example.com;True;Male;01/01/0001;47352725;01/01/0001;65290519266;Portuguese;Berlin;C:\Users\user\Documents\photos\35.jpg0000000000000000000000000000000000000000000000000000000000000000000000000000000000000000000000000;0;0;1;2;3;4;5;6;7;8;9;10;11;12;13;14;15;16;17;18;19;20;21;22;23;24;25;26;27;28;29;30;31;32;33;34;35
114;Derrick;Brown;23836 Justin Motorway;40117;Rebeccaside;001-499-486-8606;lbenitez@example.net;True;Male;01/01/0001;1758004;01/01/0001;67315721625;Spanish;Rome;C:\Users\user\Documents\photos\36.jpg0000000000000000000000000000000000000000000000000000000000000000000000000000000000000000000000000;0;0;1;2;3;4;5;6;7;8;9;10;11;12;13;14;15;16;17;18;19;20;21;22;23;24;25;26;27;28;29;30;31;32;33;34;35
115;Amy;Cunningham;770 John Mountains Suite 734;70323;Mayhaven;918-557-9680x2288;donnamoses@example.net;True;Female;01/01/0001;73704182;01/01/0001;66921188874;Italian;Berlin;C:\Users\user\Documents\photos\37.jpg0000000000000000000000000000000000000000000000000000000000000000000000000000000000000000000000000;0;0;1;2;3;4;5;6;7;8;9;10;11;12;13;14;15;16;17;18;19;20;21;22;23;24;25;26;27;28;29;30;31;32;33;34;35
116;Keith;Randall;09400 Sweeney Landing Apt. 275;88963;Knightchester;061-205-2308x7802;pjones@example.org;False;Male;01/01/0001;10502159;01/01/0001;83273276587;French;Berlin;C:\Users\user\Documents\photos\38.jpg0000000000000000000000000000000000000000000000000000000000000000000000000000000000000000000000000;0;0;1;2;3;4;5;6;7;8;9;10;11;12;13;14;15;16;17;18;19;20;21;22;23;24;25;26;27;28;29;30;31;32;33;34;35
117;Kenneth;Bartlett;5833 Emily Points Apt. 037;1401;Lake Heather;600-867-1423;dale02@example.net;True;Female;01/01/0001;76963314;01/01/0001;5997741249;Spanish;Lisbon;C:\Users\user\Documents\photos\39.jpg0000000000000000000000000000000000000000000000000000000000000000000000000000000000000000000000000;0;0;1;2;3;4;5;6;7;8;9;10;11;12;13;14;15;16;17;18;19;20;21;22;23;24;25;26;27;28;29;30;31;32;33;34;35
118;Erica;Franco;07195 Porter Hollow Suite 719;44992;West Courtneystad;(885)802-7827x3557;hannahfarmer@example.com;False;Male;01/01/0001;47797725;01/01/0001;37647695451;German;Lisbon;C:\Users\user\Documents\photos\40.jpg0000000000000000000000000000000000000000000000000000000000000000000000000000000000000000000000000;0;0;1;2;3;4;5;6;7;8;9;10;11;12;13;14;15;16;17;18;19;20;21;22;23;24;25;26;27;28;29;30;31;32;33;34;35
119;Beth;Thomas;83637 David Drives Suite 333;88938;Port Craig;678-024-6958;patriciafarley@example.com;False;Female;01/01/0001;21118482;01/01/0001;50010541683;French;Rome;C:\Users\user\Documents\photos\41.jpg0000000000000000000000000000000000000000000000000000000000000000000000000000000000000000000000000;0;0;1;2;3;4;5;6;7;8;9;10;11;12;13;14;15;16;17;18;19;20;21;22;23;24;25;26;27;28;29;30;31;32;33;34;35
120;Zachary;Murray;789 Jesus Lights;66744;New Theresaville;4495713845;afinley@example.net;False;Male;01/01/0001;96287002;01/01/0001;37264319254;German;Madrid;C:\Users\user\Documents\photos\42.jpg0000000000000000000000000000000000000000000000000000000000000000000000000000000000000000000000000;0;0;1;2;3;4;5;6;7;8;9;10;11;12;13;14;15;16;17;18;19;20;21;22;23;24;25;26;27;28;29;30;31;32;33;34;35
121;Peter;Rose;7580 Vega Loop;64207;South Andrea;001-091-087-2034x16888;keithedwards@example.org;False;Male;01/01/0001;36280321;01/01/0001;71149906544;Italian;Paris;C:\Users\user\Documents\photos\43.jpg0000000000000000000000000000000000000000000000000000000000000000000000000000000000000000000000000;0;0;1;2;3;4;5;6;7;8;9;10;11;12;13;14;15;16;17;18;19;20;21;22;23;24;25;26;27;28;29;30;31;32;33;34;35
122;Dustin;Thomas;258 Hannah Plains Suite 645;61506;Chasebury;(368)011-3827x3656;schroederjaime@example.net;False;Female;01/01/0001;91377059;01/01/0001;354247313;Italian;Paris;C:\Users\user\Documents\photos\44.jpg0000000000000000000000000000000000000000000000000000000000000000000000000000000000000000000000000;0;0;1;2;3;4;5;6;7;8;9;10;11;12;13;14;15;16;17;18;19;20;21;22;23;24;25;26;27;28;29;30;31;32;33;34;35
123;Patricia;Dillon;59465 Hodge Road Suite 965;68057;South Robert;249.419.2294;jennifersummers@example.com;False;Male;01/01/0001;86076163;01/01/0001;74847881734;French;Rome;C:\Users\user\Documents\photos\45.jpg0000000000000000000000000000000000000000000000000000000000000000000000000000000000000000000000000;0;0;1;2;3;4;5;6;7;8;9;10;11;12;13;14;15;16;17;18;19;20;21;22;23;24;25;26;27;28;29;30;31;32;33;34;35
124;Suzanne;Carney;4719 Karen Land;87771;Mcguiremouth;+1-391-071-7449x722;hillanthony@example.net;True;Male;01/01/0001;65500599;01/01/0001;41661589500;Spanish;Berlin;C:\Users\user\Documents\photos\46.jpg0000000000000000000000000000000000000000000000000000000000000000000000000000000000000000000000000;0;0;1;2;3;4;5;6;7;8;9;10;11;12;13;14;15;16;17;18;19;20;21;22;23;24;25;26;27;28;29;30;31;32;33;34;35
125;Catherine;Jackson;2941 Valdez Common Apt. 401;28347;New Sherrymouth;678-078-7272x077;christina90@example.com;False;Male;01/01/0001;16659425;01/01/0001;38532885008;German;Lisbon;C:\Users\user\Documents\photos\47.jpg0000000000000000000000000000000000000000000000000000000000000000000000000000000000000000000000000;0;0;1;2;3;4;5;6;7;8;9;10;11;12;13;14;15;16;17;18;19;20;21;22;23;24;25;26;27;28;29;30;31;32;33;34;35
126;Kimberly;Lambert;1832 Kim Hollow;42525;Castanedaport;6562697907;ykelly@example.com;False;Female;01/01/0001;37366309;01/01/0001;65054051317;Italian;Lisbon;C:\Users\user\Documents\photos\48.jpg0000000000000000000000000000000000000000000000000000000000000000000000000000000000000000000000000;0;0;1;2;3;4;5;6;7;8;9;10;11;12;13;14;15;16;17;18;19;20;21;22;23;24;25;26;27;28;29;30;31;32;33;34;35
127;Daniel;Harrison;827 Price Mills Suite 035;1487;West Chad;+1-246-363-4173x520;masonkaren@example.net;False;Female;01/01/0001;7081863;01/01/0001;85045964097;Spanish;Lisbon;C:\Users\user\Documents\photos\49.jpg0000000000000000000000000000000000000000000000000000000000000000000000000000000000000000000000000;0;0;1;2;3;4;5;6;7;8;9;10;11;12;13;14;15;16;17;18;19;20;21;22;23;24;25;26;27;28;29;30;31;32;33;34;35
128;David;Hudson;333 Hernandez Place Suite 771;97591;New Catherineborough;(221)400-4017;carrolltyler@example.net;True;Female;01/01/0001;61904534;01/01/0001;27319094687;Italian;Paris;C:\Users\user\Documents\photos\50.jpg0000000000000000000000000000000000000000000000000000000000000000000000000000000000000000000000000;0;0;1;2;3;4;5;6;7;8;9;10;11;12;13;14;15;16;17;18;19;20;21;22;23;24;25;26;27;28;29;30;31;32;33;34;35
